Salt addition (g),Time in,Time out
0,4:22,8:38
2.10922,17:50,20:20
2.1398,25:10,27:40
2.16521,33:30,36:00
2.23335,40:39,43:10
2.33947,48:10,50:40
