Sediment addition (g),Time in,Time out
0,3:20,3:35
0.12120,14:15,14:31
0.18622,19:46,20:01
0.32348,27:22,27:45
1.64599,119:37,119:56
0.52071,149:04,149:25
0.59100,154:02,154:19
0.82259,162:53,163:10
1.01785,169:20,169:40
1.46624,178:44,179:04
1.44176,185:12,185:30
2.11197,190:58,191:18
2.05331,197:22,197:42